id,title,description,image_link,link,product_type,brand,price,availability,item_group_id,checkout_url,additional_image_link,sale_price_effective_date,sale_price,condition,visibility,gender,color,size,pattern,google_product_category,default_product,variant
L001_3124,"L001 Lacquered MDF Door","Be Distributor.... MDF is a high-quality durable material that can be processed with CNC machines and on which unique patterns can be created by engraving. Thanks to modern technology, the possibilities for door design are almost unlimited. Lacquered MDF doors, which are coated with a special varnish, have a bright appearance and a long service life under normal use and maintenance.",https://www.okpsdoor.com/wp-content/uploads/2014/08/334974926_181613047944838_2809513197679218185_n.jpg,https://www.okpsdoor.com/product/jhon-doe-copy/,"Door, Lacquered MDF Doors","Okps Door Industry",1USD,in stock,L001_3124,,"https://www.okpsdoor.com/wp-content/uploads/2019/11/L001-mdf-lake-konya-kapi-imalati-okps-kapi-e1683706584391.png",,0,new,published,,,,,4634,,
okps01_3680,"Ak0001 Door PVC MDF","Visit our show room . Ä°nterior door",https://www.okpsdoor.com/wp-content/uploads/2023/05/AK1000.png,https://www.okpsdoor.com/product/ak0001-door-pvc-mdf/,"PVC Mdf","Okps Door Industry",0USD,in stock,okps01_3680,,"https://www.okpsdoor.com/wp-content/uploads/2014/08/4fdf374b994fc707a5b88b2518b704e9.jpg",,0,new,published,,,,,4634,,
L001-1_3722,"L001 Lacquered MDF Door (Copy)","Be Distributor.... MDF is a high-quality durable material that can be processed with CNC machines and on which unique patterns can be created by engraving. Thanks to modern technology, the possibilities for door design are almost unlimited. Lacquered MDF doors, which are coated with a special varnish, have a bright appearance and a long service life under normal use and maintenance.",https://www.okpsdoor.com/wp-content/uploads/2014/08/334974926_181613047944838_2809513197679218185_n.jpg,https://www.okpsdoor.com/product/l001-lacquered-mdf-door-copy/,"Door, Lacquered MDF Doors","Okps Door Industry",1USD,in stock,L001-1_3722,,"https://www.okpsdoor.com/wp-content/uploads/2019/11/L001-mdf-lake-konya-kapi-imalati-okps-kapi-e1683706584391.png,https://www.okpsdoor.com/wp-content/uploads/2023/05/L027-mdf-lake-kapi-imalati-konya-kapi-modelleri-01i.png,https://www.okpsdoor.com/wp-content/uploads/2023/05/L026mdf-lake-kapi-imalati-konya-kapi-modelleri-01kapi.png",,0,new,published,,,,,4634,,
L001-2_3723,"L002 Lacquered MDF Door","Be Distributor.... MDF is a high-quality durable material that can be processed with CNC machines and on which unique patterns can be created by engraving. Thanks to modern technology, the possibilities for door design are almost unlimited. Lacquered MDF doors, which are coated with a special varnish, have a bright appearance and a long service life under normal use and maintenance.",https://www.okpsdoor.com/wp-content/uploads/2023/05/L002-mdf-lake-kapi-imalati-konya-kapi-modelleri-01.png,https://www.okpsdoor.com/product/l002-lacquered-mdf-door/,"Door, Lacquered MDF Doors","OKPS",1USD,in stock,L001-2_3723,,,,0,new,published,,,,,4634,,
L001-3_3724,"L003 Lacquered MDF Door","Be Distributor.... MDF is a high-quality durable material that can be processed with CNC machines and on which unique patterns can be created by engraving. Thanks to modern technology, the possibilities for door design are almost unlimited. Lacquered MDF doors, which are coated with a special varnish, have a bright appearance and a long service life under normal use and maintenance.",https://www.okpsdoor.com/wp-content/uploads/2023/05/L003-mdf-lake-kapi-imalati-konya-kapi-modelleri-01-1.png,https://www.okpsdoor.com/product/l003-lacquered-mdf-door/,"Door, Lacquered MDF Doors","Okps Door Industry",1USD,in stock,L001-3_3724,,"https://www.okpsdoor.com/wp-content/uploads/2023/05/L003-mdf-lake-kapi-imalati-konya-kapi-modelleri-01.png",,0,new,published,,,,,4634,,
L001-4_3725,"L004 Lacquered MDF Door","Be Distributor.... MDF is a high-quality durable material that can be processed with CNC machines and on which unique patterns can be created by engraving. Thanks to modern technology, the possibilities for door design are almost unlimited. Lacquered MDF doors, which are coated with a special varnish, have a bright appearance and a long service life under normal use and maintenance.",https://www.okpsdoor.com/wp-content/uploads/2023/05/L004-mdf-lake-antalya-kapi-modelleri-kartallar-kapi-imalati-01.png,https://www.okpsdoor.com/product/l004-lacquered-mdf-door/,"Door, Lacquered MDF Doors","Okps Door Industry",1USD,in stock,L001-4_3725,,,,0,new,published,,,,,4634,,
L001-5_3726,"L005 Lacquered MDF Door","Be Distributor.... MDF is a high-quality durable material that can be processed with CNC machines and on which unique patterns can be created by engraving. Thanks to modern technology, the possibilities for door design are almost unlimited. Lacquered MDF doors, which are coated with a special varnish, have a bright appearance and a long service life under normal use and maintenance.",https://www.okpsdoor.com/wp-content/uploads/2023/05/l005-mdf-lake-kapilar-uretimi.png,https://www.okpsdoor.com/product/l005-lacquered-mdf-door/,"Door, Lacquered MDF Doors","Okps Door Industry",1USD,in stock,L001-5_3726,,,,0,new,published,,,,,4634,,
L001-6_3727,"L006 Lacquered MDF Door","Be Distributor.... MDF is a high-quality durable material that can be processed with CNC machines and on which unique patterns can be created by engraving. Thanks to modern technology, the possibilities for door design are almost unlimited. Lacquered MDF doors, which are coated with a special varnish, have a bright appearance and a long service life under normal use and maintenance.",https://www.okpsdoor.com/wp-content/uploads/2023/05/L006-mdf-lake-kapi-imalati-konya-kapi-modelleri-01.png,https://www.okpsdoor.com/product/l006-lacquered-mdf-door/,"Door, Lacquered MDF Doors","Okps Door Industry",1USD,in stock,L001-6_3727,,,,0,new,published,,,,,4634,,
L001-7_3728,"L007 Lacquered MDF Door","Be Distributor.... MDF is a high-quality durable material that can be processed with CNC machines and on which unique patterns can be created by engraving. Thanks to modern technology, the possibilities for door design are almost unlimited. Lacquered MDF doors, which are coated with a special varnish, have a bright appearance and a long service life under normal use and maintenance.",https://www.okpsdoor.com/wp-content/uploads/2023/05/L007-mdf-lake-kapi-imalati-konya-kapi-modelleri-01.png,https://www.okpsdoor.com/product/l007-lacquered-mdf-door/,"Door, Lacquered MDF Doors","Okps Door Industry",1USD,in stock,L001-7_3728,,,,0,new,published,,,,,4634,,
L001-8_3729,"L008 Lacquered MDF Door","Be Distributor.... MDF is a high-quality durable material that can be processed with CNC machines and on which unique patterns can be created by engraving. Thanks to modern technology, the possibilities for door design are almost unlimited. Lacquered MDF doors, which are coated with a special varnish, have a bright appearance and a long service life under normal use and maintenance.",https://www.okpsdoor.com/wp-content/uploads/2014/08/334974926_181613047944838_2809513197679218185_n.jpg,https://www.okpsdoor.com/product/l008-lacquered-mdf-door/,"Door, Lacquered MDF Doors","Okps Door Industry",1USD,in stock,L001-8_3729,,"https://www.okpsdoor.com/wp-content/uploads/2023/05/L008-mdf-lake-kapi-imalati-konya-kapi-modelleri-011.png",,0,new,published,,,,,4634,,
L001-9_3730,"L009 Lacquered MDF Door","Be Distributor.... MDF is a high-quality durable material that can be processed with CNC machines and on which unique patterns can be created by engraving. Thanks to modern technology, the possibilities for door design are almost unlimited. Lacquered MDF doors, which are coated with a special varnish, have a bright appearance and a long service life under normal use and maintenance.",https://www.okpsdoor.com/wp-content/uploads/2023/05/L009-mdf-lake-kapi-imalati-konya-kapi-modelleri-01.png,https://www.okpsdoor.com/product/l009-lacquered-mdf-door/,"Door, Lacquered MDF Doors","Okps Door Industry",1USD,in stock,L001-9_3730,,,,0,new,published,,,,,4634,,
L001-10_3731,"L010 Lacquered MDF Door","Be Distributor.... MDF is a high-quality durable material that can be processed with CNC machines and on which unique patterns can be created by engraving. Thanks to modern technology, the possibilities for door design are almost unlimited. Lacquered MDF doors, which are coated with a special varnish, have a bright appearance and a long service life under normal use and maintenance.",https://www.okpsdoor.com/wp-content/uploads/2023/05/L010-mdf-lake-kapi-imalati-konya-kapi-modelleri-01i.png,https://www.okpsdoor.com/product/l010-lacquered-mdf-door/,"Door, Lacquered MDF Doors","Okps Door Industry",1USD,in stock,L001-10_3731,,,,0,new,published,,,,,4634,,
L001-11_3732,"L011 Lacquered MDF Door","Be Distributor.... MDF is a high-quality durable material that can be processed with CNC machines and on which unique patterns can be created by engraving. Thanks to modern technology, the possibilities for door design are almost unlimited. Lacquered MDF doors, which are coated with a special varnish, have a bright appearance and a long service life under normal use and maintenance.",https://www.okpsdoor.com/wp-content/uploads/2023/05/L011-mdf-lake-kapi-imalati-konya-kapi-modelleri-01.png,https://www.okpsdoor.com/product/l011-lacquered-mdf-door/,"Door, Lacquered MDF Doors","Okps Door Industry",1USD,in stock,L001-11_3732,,,,0,new,published,,,,,4634,,
L001-12_3733,"L012 Lacquered MDF Door","Be Distributor.... MDF is a high-quality durable material that can be processed with CNC machines and on which unique patterns can be created by engraving. Thanks to modern technology, the possibilities for door design are almost unlimited. Lacquered MDF doors, which are coated with a special varnish, have a bright appearance and a long service life under normal use and maintenance.",https://www.okpsdoor.com/wp-content/uploads/2023/05/L012-mdf-lake-kapi-imalati-konya-kapi-modelleri-01i.png,https://www.okpsdoor.com/product/l012-lacquered-mdf-door/,"Door, Lacquered MDF Doors","Okps Door Industry",1USD,in stock,L001-12_3733,,,,0,new,published,,,,,4634,,
L001-13_3734,"L013 Lacquered MDF Door","Be Distributor.... MDF is a high-quality durable material that can be processed with CNC machines and on which unique patterns can be created by engraving. Thanks to modern technology, the possibilities for door design are almost unlimited. Lacquered MDF doors, which are coated with a special varnish, have a bright appearance and a long service life under normal use and maintenance.",https://www.okpsdoor.com/wp-content/uploads/2023/05/L013-mdf-lake-kapi-imalati-konya-kapi-modelleri-01.png,https://www.okpsdoor.com/product/l013-lacquered-mdf-door/,"Door, Lacquered MDF Doors","Okps Door Industry",1USD,in stock,L001-13_3734,,,,0,new,published,,,,,4634,,
L001-14_3735,"L014 Lacquered MDF Door","Be Distributor.... MDF is a high-quality durable material that can be processed with CNC machines and on which unique patterns can be created by engraving. Thanks to modern technology, the possibilities for door design are almost unlimited. Lacquered MDF doors, which are coated with a special varnish, have a bright appearance and a long service life under normal use and maintenance.",https://www.okpsdoor.com/wp-content/uploads/2023/05/L014-mdf-lake-kapi-imalati-konya-kapi-modelleri-010.png,https://www.okpsdoor.com/product/l014-lacquered-mdf-door/,"Door, Lacquered MDF Doors","Okps Door Industry",1USD,in stock,L001-14_3735,,,,0,new,published,,,,,4634,,
L001-15_3736,"L015 Lacquered MDF Door","Be Distributor.... MDF is a high-quality durable material that can be processed with CNC machines and on which unique patterns can be created by engraving. Thanks to modern technology, the possibilities for door design are almost unlimited. Lacquered MDF doors, which are coated with a special varnish, have a bright appearance and a long service life under normal use and maintenance.",https://www.okpsdoor.com/wp-content/uploads/2023/05/L015-mdf-lake-kapi-imalati-konya-kapi-modelleri-0100.png,https://www.okpsdoor.com/product/l015-lacquered-mdf-door/,"Door, Lacquered MDF Doors","Okps Door Industry",1USD,in stock,L001-15_3736,,,,0,new,published,,,,,4634,,
L001-16_3737,"L016 Lacquered MDF Door","Be Distributor.... MDF is a high-quality durable material that can be processed with CNC machines and on which unique patterns can be created by engraving. Thanks to modern technology, the possibilities for door design are almost unlimited. Lacquered MDF doors, which are coated with a special varnish, have a bright appearance and a long service life under normal use and maintenance.",https://www.okpsdoor.com/wp-content/uploads/2023/05/L016-mdf-lake-kapi-imalati-konya-kapi-modelleri-010.png,https://www.okpsdoor.com/product/l016-lacquered-mdf-door-copy/,"Door, Lacquered MDF Doors","Okps Door Industry",1USD,in stock,L001-16_3737,,,,0,new,published,,,,,4634,,
L001-17_3738,"L017 Lacquered MDF Door","Be Distributor.... MDF is a high-quality durable material that can be processed with CNC machines and on which unique patterns can be created by engraving. Thanks to modern technology, the possibilities for door design are almost unlimited. Lacquered MDF doors, which are coated with a special varnish, have a bright appearance and a long service life under normal use and maintenance.",https://www.okpsdoor.com/wp-content/uploads/2023/05/L017-mdf-lake-kapi-imalati-konya-kapi-modelleri-010.png,https://www.okpsdoor.com/product/l017-lacquered-mdf-door-copy/,"Door, Lacquered MDF Doors","Okps Door Industry",1USD,in stock,L001-17_3738,,,,0,new,published,,,,,4634,,
L001-18_3739,"L019 Lacquered MDF Door","Be Distributor.... MDF is a high-quality durable material that can be processed with CNC machines and on which unique patterns can be created by engraving. Thanks to modern technology, the possibilities for door design are almost unlimited. Lacquered MDF doors, which are coated with a special varnish, have a bright appearance and a long service life under normal use and maintenance.",https://www.okpsdoor.com/wp-content/uploads/2023/05/L019-mdf-lake-kapi-imalati-konya-kapi-modelleri-01a.png,https://www.okpsdoor.com/product/l019-lacquered-mdf-door-copy/,"Door, Lacquered MDF Doors","Okps Door Industry",1USD,in stock,L001-18_3739,,,,0,new,published,,,,,4634,,
L001-18-1_3764,"L020 Lacquered MDF Door","Be Distributor.... MDF is a high-quality durable material that can be processed with CNC machines and on which unique patterns can be created by engraving. Thanks to modern technology, the possibilities for door design are almost unlimited. Lacquered MDF doors, which are coated with a special varnish, have a bright appearance and a long service life under normal use and maintenance.",https://www.okpsdoor.com/wp-content/uploads/2023/05/L020-mdf-lake-kapi-imalati-konya-kapi-modelleri-01ti.png,https://www.okpsdoor.com/product/l020-lacquered-mdf-door/,"Door, Lacquered MDF Doors","Okps Door Industry",1USD,in stock,L001-18-1_3764,,,,0,new,published,,,,,4634,,
L001-18-2_3765,"L021 Lacquered MDF Door","Be Distributor.... MDF is a high-quality durable material that can be processed with CNC machines and on which unique patterns can be created by engraving. Thanks to modern technology, the possibilities for door design are almost unlimited. Lacquered MDF doors, which are coated with a special varnish, have a bright appearance and a long service life under normal use and maintenance.",https://www.okpsdoor.com/wp-content/uploads/2023/05/L021-mdf-lake-antalya-kapi-imalati-kapi-modelleri.png,https://www.okpsdoor.com/product/l021-lacquered-mdf-door/,"Door, Lacquered MDF Doors","Okps Door Industry",1USD,in stock,L001-18-2_3765,,,,0,new,published,,,,,4634,,
L001-18-3_3766,"L022 Lacquered MDF Door","Be Distributor.... MDF is a high-quality durable material that can be processed with CNC machines and on which unique patterns can be created by engraving. Thanks to modern technology, the possibilities for door design are almost unlimited. Lacquered MDF doors, which are coated with a special varnish, have a bright appearance and a long service life under normal use and maintenance.",https://www.okpsdoor.com/wp-content/uploads/2023/05/L022-mdf-lake-kapi-imalati-konya-kapi-modelleri-01ri.png,https://www.okpsdoor.com/product/l022-lacquered-mdf-door/,"Door, Lacquered MDF Doors","Okps Door Industry",1USD,in stock,L001-18-3_3766,,,,0,new,published,,,,,4634,,
L001-18-4_3767,"L023 Lacquered MDF Door","Be Distributor.... MDF is a high-quality durable material that can be processed with CNC machines and on which unique patterns can be created by engraving. Thanks to modern technology, the possibilities for door design are almost unlimited. Lacquered MDF doors, which are coated with a special varnish, have a bright appearance and a long service life under normal use and maintenance.",https://www.okpsdoor.com/wp-content/uploads/2023/05/L023-mdf-lake-kapi-imalati-konya-kapi-modelleri-01ri.png,https://www.okpsdoor.com/product/l023-lacquered-mdf-door/,"Door, Lacquered MDF Doors","Okps Door Industry",1USD,in stock,L001-18-4_3767,,,,0,new,published,,,,,4634,,
L001-18-5_3768,"L024 Lacquered MDF Door","Be Distributor.... MDF is a high-quality durable material that can be processed with CNC machines and on which unique patterns can be created by engraving. Thanks to modern technology, the possibilities for door design are almost unlimited. Lacquered MDF doors, which are coated with a special varnish, have a bright appearance and a long service life under normal use and maintenance.",https://www.okpsdoor.com/wp-content/uploads/2023/05/L024-mdf-lake-kapi-imalati-konya-kapi-modelleri-01.png,https://www.okpsdoor.com/product/l024-lacquered-mdf-door/,"Door, Lacquered MDF Doors","Okps Door Industry",1USD,in stock,L001-18-5_3768,,,,0,new,published,,,,,4634,,
L001-18-6_3769,"L025 Lacquered MDF Door","Be Distributor.... MDF is a high-quality durable material that can be processed with CNC machines and on which unique patterns can be created by engraving. Thanks to modern technology, the possibilities for door design are almost unlimited. Lacquered MDF doors, which are coated with a special varnish, have a bright appearance and a long service life under normal use and maintenance.",https://www.okpsdoor.com/wp-content/uploads/2023/05/L025-mdf-lake-kapi-imalati-konya-kapi-modelleri-01a.png,https://www.okpsdoor.com/product/l025-lacquered-mdf-door/,"Door, Lacquered MDF Doors","Okps Door Industry",1USD,in stock,L001-18-6_3769,,,,0,new,published,,,,,4634,,
L001-18-7_3770,"L026 Lacquered MDF Door","Be Distributor.... MDF is a high-quality durable material that can be processed with CNC machines and on which unique patterns can be created by engraving. Thanks to modern technology, the possibilities for door design are almost unlimited. Lacquered MDF doors, which are coated with a special varnish, have a bright appearance and a long service life under normal use and maintenance.",https://www.okpsdoor.com/wp-content/uploads/2023/05/L026mdf-lake-kapi-imalati-konya-kapi-modelleri-01kapi.png,https://www.okpsdoor.com/product/l026-lacquered-mdf-door/,"Door, Lacquered MDF Doors","Okps Door Industry",1USD,in stock,L001-18-7_3770,,,,0,new,published,,,,,4634,,
L001-18-8_3771,"L027 Lacquered MDF Door","Be Distributor.... MDF is a high-quality durable material that can be processed with CNC machines and on which unique patterns can be created by engraving. Thanks to modern technology, the possibilities for door design are almost unlimited. Lacquered MDF doors, which are coated with a special varnish, have a bright appearance and a long service life under normal use and maintenance.",https://www.okpsdoor.com/wp-content/uploads/2023/05/L027-mdf-lake-kapi-imalati-konya-kapi-modelleri-01i.png,https://www.okpsdoor.com/product/l027-lacquered-mdf-door/,"Door, Lacquered MDF Doors","Okps Door Industry",1USD,in stock,L001-18-8_3771,,,,0,new,published,,,,,4634,,
L001-18-9_3772,"L040 Lacquered MDF Door","Be Distributor.... MDF is a high-quality durable material that can be processed with CNC machines and on which unique patterns can be created by engraving. Thanks to modern technology, the possibilities for door design are almost unlimited. Lacquered MDF doors, which are coated with a special varnish, have a bright appearance and a long service life under normal use and maintenance.",https://www.okpsdoor.com/wp-content/uploads/2023/05/L040-mdf-lake-kapi-imalati-konya-kapi-modelleri-010-1.png,https://www.okpsdoor.com/product/l040-lacquered-mdf-door/,"Door, Lacquered MDF Doors","Okps Door Industry",1USD,in stock,L001-18-9_3772,,,,0,new,published,,,,,4634,,
L001-18-10_3773,"L041 Lacquered MDF Door","Be Distributor.... MDF is a high-quality durable material that can be processed with CNC machines and on which unique patterns can be created by engraving. Thanks to modern technology, the possibilities for door design are almost unlimited. Lacquered MDF doors, which are coated with a special varnish, have a bright appearance and a long service life under normal use and maintenance.",https://www.okpsdoor.com/wp-content/uploads/2023/05/L041-mdf-lake-kapi-imalati-konya-kapi-modelleri-01a.png,https://www.okpsdoor.com/product/l029-lacquered-mdf-door/,"Door, Lacquered MDF Doors","Okps Door Industry",1USD,in stock,L001-18-10_3773,,,,0,new,published,,,,,4634,,
L001-18-11_3774,"L042 Lacquered MDF Door","Be Distributor.... MDF is a high-quality durable material that can be processed with CNC machines and on which unique patterns can be created by engraving. Thanks to modern technology, the possibilities for door design are almost unlimited. Lacquered MDF doors, which are coated with a special varnish, have a bright appearance and a long service life under normal use and maintenance.",https://www.okpsdoor.com/wp-content/uploads/2023/05/L042-mdf-lake-kapi-imalati-konya-kapi-modelleri-01ri.png,https://www.okpsdoor.com/product/l042-lacquered-mdf-door/,"Door, Lacquered MDF Doors","Okps Door Industry",1USD,in stock,L001-18-11_3774,,,,0,new,published,,,,,4634,,
L001-18-12_3775,"L043 Lacquered MDF Door","Be Distributor.... MDF is a high-quality durable material that can be processed with CNC machines and on which unique patterns can be created by engraving. Thanks to modern technology, the possibilities for door design are almost unlimited. Lacquered MDF doors, which are coated with a special varnish, have a bright appearance and a long service life under normal use and maintenance.",https://www.okpsdoor.com/wp-content/uploads/2023/05/L043-mdf-lake-kapi-imalati-konya-kapi-modelleri-01i.png,https://www.okpsdoor.com/product/l043-lacquered-mdf-door/,"Door, Lacquered MDF Doors","Okps Door Industry",1USD,in stock,L001-18-12_3775,,,,0,new,published,,,,,4634,,
L001-18-13_3776,"L044 Lacquered MDF Door","Be Distributor.... MDF is a high-quality durable material that can be processed with CNC machines and on which unique patterns can be created by engraving. Thanks to modern technology, the possibilities for door design are almost unlimited. Lacquered MDF doors, which are coated with a special varnish, have a bright appearance and a long service life under normal use and maintenance.",https://www.okpsdoor.com/wp-content/uploads/2023/05/L044-mdf-lake-kapi-imalati-konya-kapi-modelleri-01ri.png,https://www.okpsdoor.com/product/l044-lacquered-mdf-door/,"Door, Lacquered MDF Doors","Okps Door Industry",1USD,in stock,L001-18-13_3776,,,,0,new,published,,,,,4634,,
L001-18-14_3777,"L045 Lacquered MDF Door","Be Distributor.... MDF is a high-quality durable material that can be processed with CNC machines and on which unique patterns can be created by engraving. Thanks to modern technology, the possibilities for door design are almost unlimited. Lacquered MDF doors, which are coated with a special varnish, have a bright appearance and a long service life under normal use and maintenance.",https://www.okpsdoor.com/wp-content/uploads/2023/05/L045-mdf-lake-kapi-imalati-konya-kapi-modelleri-01i.png,https://www.okpsdoor.com/product/l045-lacquered-mdf-door/,"Door, Lacquered MDF Doors","Okps Door Industry",1USD,in stock,L001-18-14_3777,,,,0,new,published,,,,,4634,,
L001-18-15_3778,"L046 Lacquered MDF Door","Be Distributor.... MDF is a high-quality durable material that can be processed with CNC machines and on which unique patterns can be created by engraving. Thanks to modern technology, the possibilities for door design are almost unlimited. Lacquered MDF doors, which are coated with a special varnish, have a bright appearance and a long service life under normal use and maintenance.",https://www.okpsdoor.com/wp-content/uploads/2023/05/L046-mdf-lake-kapi-imalati-konya-kapi-modelleri-01.png,https://www.okpsdoor.com/product/l046-lacquered-mdf-door/,"Door, Lacquered MDF Doors","Okps Door Industry",1USD,in stock,L001-18-15_3778,,,,0,new,published,,,,,4634,,
L001-18-16_3779,"L047 Lacquered MDF Door","Be Distributor.... MDF is a high-quality durable material that can be processed with CNC machines and on which unique patterns can be created by engraving. Thanks to modern technology, the possibilities for door design are almost unlimited. Lacquered MDF doors, which are coated with a special varnish, have a bright appearance and a long service life under normal use and maintenance.",https://www.okpsdoor.com/wp-content/uploads/2023/05/L047-mdf-lake-kapi-imalati-konya-kapi-modelleri-01ti.png,https://www.okpsdoor.com/product/l047-lacquered-mdf-door/,"Door, Lacquered MDF Doors","Okps Door Industry",1USD,in stock,L001-18-16_3779,,,,0,new,published,,,,,4634,,
L001-18-17_3780,"L048 Lacquered MDF Door","Be Distributor.... MDF is a high-quality durable material that can be processed with CNC machines and on which unique patterns can be created by engraving. Thanks to modern technology, the possibilities for door design are almost unlimited. Lacquered MDF doors, which are coated with a special varnish, have a bright appearance and a long service life under normal use and maintenance.",https://www.okpsdoor.com/wp-content/uploads/2023/05/L048-mdf-lake-kapi-imalati-konya-kapi-modelleri-01i.png,https://www.okpsdoor.com/product/l048-lacquered-mdf-door/,"Door, Lacquered MDF Doors","Okps Door Industry",1USD,in stock,L001-18-17_3780,,,,0,new,published,,,,,4634,,
L001-18-18_3781,"L049 Lacquered MDF Door","Be Distributor.... MDF is a high-quality durable material that can be processed with CNC machines and on which unique patterns can be created by engraving. Thanks to modern technology, the possibilities for door design are almost unlimited. Lacquered MDF doors, which are coated with a special varnish, have a bright appearance and a long service life under normal use and maintenance.",https://www.okpsdoor.com/wp-content/uploads/2023/05/L049-mdf-lake-kapi-imalati-konya-kapi-modelleri-01ri.png,https://www.okpsdoor.com/product/l049-lacquered-mdf-door/,"Door, Lacquered MDF Doors","Okps Door Industry",1USD,in stock,L001-18-18_3781,,,,0,new,published,,,,,4634,,
L001-18-19_3782,"L050 Lacquered MDF Door","Be Distributor.... MDF is a high-quality durable material that can be processed with CNC machines and on which unique patterns can be created by engraving. Thanks to modern technology, the possibilities for door design are almost unlimited. Lacquered MDF doors, which are coated with a special varnish, have a bright appearance and a long service life under normal use and maintenance.",https://www.okpsdoor.com/wp-content/uploads/2023/05/L050-mdf-lake-kapi-imalati-konya-kapi-modelleri-01i.png,https://www.okpsdoor.com/product/l050-lacquered-mdf-door/,"Door, Lacquered MDF Doors","Okps Door Industry",1USD,in stock,L001-18-19_3782,,,,0,new,published,,,,,4634,,
L001-18-19-2_3839,"L050 Lacquered MDF Door (","Be Distributor.... MDF is a high-quality durable material that can be processed with CNC machines and on which unique patterns can be created by engraving. Thanks to modern technology, the possibilities for door design are almost unlimited. Lacquered MDF doors, which are coated with a special varnish, have a bright appearance and a long service life under normal use and maintenance.",https://www.okpsdoor.com/wp-content/uploads/2023/05/L050-mdf-lake-kapi-imalati-konya-kapi-modelleri-01i.png,https://www.okpsdoor.com/product/l050-lacquered-mdf-door-copy/,"Door, Lacquered MDF Doors","okps door",1USD,in stock,L001-18-19-2_3839,,,,0,new,published,,,,,4634,,
L078_3841,"L078 Lacquered MDF Door","Be Distributor.... MDF is a high-quality durable material that can be processed with CNC machines and on which unique patterns can be created by engraving. Thanks to modern technology, the possibilities for door design are almost unlimited. Lacquered MDF doors, which are coated with a special varnish, have a bright appearance and a long service life under normal use and maintenance.",https://www.okpsdoor.com/wp-content/uploads/2014/08/L078-mdf-lake-kapi-imalati-konya-kapi-modelleri-01i.png,https://www.okpsdoor.com/product/l078-lacquered-mdf-door/,"Door, Lacquered MDF Doors","okps door",1USD,in stock,L078_3841,,,,0,new,published,,,,,4634,,
L077_3842,"L077 Lacquered MDF Door","Be Distributor.... MDF is a high-quality durable material that can be processed with CNC machines and on which unique patterns can be created by engraving. Thanks to modern technology, the possibilities for door design are almost unlimited. Lacquered MDF doors, which are coated with a special varnish, have a bright appearance and a long service life under normal use and maintenance.",https://www.okpsdoor.com/wp-content/uploads/2014/08/L077-mdf-lake-kapi-imalati-konya-kapi-modelleri-01i.png,https://www.okpsdoor.com/product/l077-lacquered-mdf-door/,"Door, Lacquered MDF Doors","okps door",1USD,in stock,L077_3842,,,,0,new,published,,,,,4634,,
L076_3843,"L076 Lacquered MDF Door","Be Distributor.... MDF is a high-quality durable material that can be processed with CNC machines and on which unique patterns can be created by engraving. Thanks to modern technology, the possibilities for door design are almost unlimited. Lacquered MDF doors, which are coated with a special varnish, have a bright appearance and a long service life under normal use and maintenance.",https://www.okpsdoor.com/wp-content/uploads/2014/08/L076-mdf-lake-kapi-imalati-konya-kapi-modelleri-01i.png,https://www.okpsdoor.com/product/l076-lacquered-mdf-door/,"Door, Lacquered MDF Doors","okps door",1USD,in stock,L076_3843,,,,0,new,published,,,,,4634,,
L075_3844,"L075 Lacquered MDF Door","Be Distributor.... MDF is a high-quality durable material that can be processed with CNC machines and on which unique patterns can be created by engraving. Thanks to modern technology, the possibilities for door design are almost unlimited. Lacquered MDF doors, which are coated with a special varnish, have a bright appearance and a long service life under normal use and maintenance.",https://www.okpsdoor.com/wp-content/uploads/2014/08/L075-mdf-lake-kapi-imalati-konya-kapi-modelleri-01i.png,https://www.okpsdoor.com/product/l075-lacquered-mdf-door/,"Door, Lacquered MDF Doors","okps door",1USD,in stock,L075_3844,,,,0,new,published,,,,,4634,,
L001-18-19-2-5_3845,"L074 Lacquered MDF Door","Be Distributor.... MDF is a high-quality durable material that can be processed with CNC machines and on which unique patterns can be created by engraving. Thanks to modern technology, the possibilities for door design are almost unlimited. Lacquered MDF doors, which are coated with a special varnish, have a bright appearance and a long service life under normal use and maintenance.",https://www.okpsdoor.com/wp-content/uploads/2014/08/L074-mdf-lake-kapi-imalati-konya-kapi-modelleri-01i.png,https://www.okpsdoor.com/product/l074-lacquered-mdf-door/,"Door, Lacquered MDF Doors","okps door",1USD,in stock,L001-18-19-2-5_3845,,,,0,new,published,,,,,4634,,
L073_3846,"L073 Lacquered MDF Door","Be Distributor.... MDF is a high-quality durable material that can be processed with CNC machines and on which unique patterns can be created by engraving. Thanks to modern technology, the possibilities for door design are almost unlimited. Lacquered MDF doors, which are coated with a special varnish, have a bright appearance and a long service life under normal use and maintenance.",https://www.okpsdoor.com/wp-content/uploads/2014/08/L073-mdf-lake-kapi-imalati-konya-kapi-modelleri-01i.png,https://www.okpsdoor.com/product/l073-lacquered-mdf-door/,"Door, Lacquered MDF Doors","okps door",1USD,in stock,L073_3846,,,,0,new,published,,,,,4634,,
L072_3847,"L072 Lacquered MDF Door","Be Distributor.... MDF is a high-quality durable material that can be processed with CNC machines and on which unique patterns can be created by engraving. Thanks to modern technology, the possibilities for door design are almost unlimited. Lacquered MDF doors, which are coated with a special varnish, have a bright appearance and a long service life under normal use and maintenance.",https://www.okpsdoor.com/wp-content/uploads/2014/08/L072-mdf-lake-kapi-imalati-konya-kapi-modelleri-01i.png,https://www.okpsdoor.com/product/l072-lacquered-mdf-door/,"Door, Lacquered MDF Doors","okps door",1USD,in stock,L072_3847,,,,0,new,published,,,,,4634,,
L071_3848,"L071 Lacquered MDF Door","Be Distributor.... MDF is a high-quality durable material that can be processed with CNC machines and on which unique patterns can be created by engraving. Thanks to modern technology, the possibilities for door design are almost unlimited. Lacquered MDF doors, which are coated with a special varnish, have a bright appearance and a long service life under normal use and maintenance.",https://www.okpsdoor.com/wp-content/uploads/2014/08/L071-mdf-lake-kapi-imalati-konya-kapi-modelleri-01ri.png,https://www.okpsdoor.com/product/l071-lacquered-mdf-door/,"Door, Lacquered MDF Doors","okps door",1USD,in stock,L071_3848,,,,0,new,published,,,,,4634,,
L070_3849,"L070 Lacquered MDF Door","Be Distributor.... MDF is a high-quality durable material that can be processed with CNC machines and on which unique patterns can be created by engraving. Thanks to modern technology, the possibilities for door design are almost unlimited. Lacquered MDF doors, which are coated with a special varnish, have a bright appearance and a long service life under normal use and maintenance.",https://www.okpsdoor.com/wp-content/uploads/2014/08/L070-mdf-lake-kapi-imalati-konya-kapi-modelleri-01ri.png,https://www.okpsdoor.com/product/l070-lacquered-mdf-door/,"Door, Lacquered MDF Doors","okps door",1USD,in stock,L070_3849,,,,0,new,published,,,,,4634,,
L069_3850,"L069 Lacquered MDF Door","Be Distributor.... MDF is a high-quality durable material that can be processed with CNC machines and on which unique patterns can be created by engraving. Thanks to modern technology, the possibilities for door design are almost unlimited. Lacquered MDF doors, which are coated with a special varnish, have a bright appearance and a long service life under normal use and maintenance.",https://www.okpsdoor.com/wp-content/uploads/2014/08/L069-mdf-lake-kapi-imalati-konya-kapi-modelleri-01i.png,https://www.okpsdoor.com/product/l069-lacquered-mdf-door/,"Door, Lacquered MDF Doors","okps door",1USD,in stock,L069_3850,,,,0,new,published,,,,,4634,,
L068_3851,"L068 Lacquered MDF Door","Be Distributor.... MDF is a high-quality durable material that can be processed with CNC machines and on which unique patterns can be created by engraving. Thanks to modern technology, the possibilities for door design are almost unlimited. Lacquered MDF doors, which are coated with a special varnish, have a bright appearance and a long service life under normal use and maintenance.",https://www.okpsdoor.com/wp-content/uploads/2014/08/L068-mdf-lake-kapi-imalati-konya-kapi-modelleri-01ri.png,https://www.okpsdoor.com/product/l068-lacquered-mdf-door/,"Door, Lacquered MDF Doors","okps door",1USD,in stock,L068_3851,,,,0,new,published,,,,,4634,,
L067_3852,"L067 Lacquered MDF Door","Be Distributor.... MDF is a high-quality durable material that can be processed with CNC machines and on which unique patterns can be created by engraving. Thanks to modern technology, the possibilities for door design are almost unlimited. Lacquered MDF doors, which are coated with a special varnish, have a bright appearance and a long service life under normal use and maintenance.",https://www.okpsdoor.com/wp-content/uploads/2014/08/L067-mdf-lake-kapi-imalati-konya-kapi-modelleri-01ri.png,https://www.okpsdoor.com/product/l067-lacquered-mdf-door/,"Door, Lacquered MDF Doors","okps door",1USD,in stock,L067_3852,,,,0,new,published,,,,,4634,,
L066_3853,"L066 Lacquered MDF Door","Be Distributor.... MDF is a high-quality durable material that can be processed with CNC machines and on which unique patterns can be created by engraving. Thanks to modern technology, the possibilities for door design are almost unlimited. Lacquered MDF doors, which are coated with a special varnish, have a bright appearance and a long service life under normal use and maintenance.",https://www.okpsdoor.com/wp-content/uploads/2014/08/L066-mdf-lake-kapi-imalati-konya-kapi-modelleri-01ri.png,https://www.okpsdoor.com/product/l066-lacquered-mdf-door/,"Door, Lacquered MDF Doors","okps door",1USD,in stock,L066_3853,,,,0,new,published,,,,,4634,,
L065_3854,"L065 Lacquered MDF Door","Be Distributor.... MDF is a high-quality durable material that can be processed with CNC machines and on which unique patterns can be created by engraving. Thanks to modern technology, the possibilities for door design are almost unlimited. Lacquered MDF doors, which are coated with a special varnish, have a bright appearance and a long service life under normal use and maintenance.",https://www.okpsdoor.com/wp-content/uploads/2014/08/L065-mdf-lake-kapi-imalati-konya-kapi-modelleri-01i.png,https://www.okpsdoor.com/product/l065-lacquered-mdf-door/,"Door, Lacquered MDF Doors","okps door",1USD,in stock,L065_3854,,,,0,new,published,,,,,4634,,
L064_3855,"L064 Lacquered MDF Door","Be Distributor.... MDF is a high-quality durable material that can be processed with CNC machines and on which unique patterns can be created by engraving. Thanks to modern technology, the possibilities for door design are almost unlimited. Lacquered MDF doors, which are coated with a special varnish, have a bright appearance and a long service life under normal use and maintenance.",https://www.okpsdoor.com/wp-content/uploads/2014/08/L063-mdf-lake-kapi-imalati-konya-kapi-modelleri-01ri.png,https://www.okpsdoor.com/product/l064-lacquered-mdf-door/,"Door, Lacquered MDF Doors","okps door",1USD,in stock,L064_3855,,,,0,new,published,,,,,4634,,
L063_3856,"L063 Lacquered MDF Door","Be Distributor.... MDF is a high-quality durable material that can be processed with CNC machines and on which unique patterns can be created by engraving. Thanks to modern technology, the possibilities for door design are almost unlimited. Lacquered MDF doors, which are coated with a special varnish, have a bright appearance and a long service life under normal use and maintenance.",https://www.okpsdoor.com/wp-content/uploads/2014/08/L062-mdf-lake-kapi-imalati-konya-kapi-modelleri-01i-.png,https://www.okpsdoor.com/product/l063-lacquered-mdf-door/,"Door, Lacquered MDF Doors","okps door",1USD,in stock,L063_3856,,,,0,new,published,,,,,4634,,
L062_3857,"L062 Lacquered MDF Door","Be Distributor.... MDF is a high-quality durable material that can be processed with CNC machines and on which unique patterns can be created by engraving. Thanks to modern technology, the possibilities for door design are almost unlimited. Lacquered MDF doors, which are coated with a special varnish, have a bright appearance and a long service life under normal use and maintenance.",https://www.okpsdoor.com/wp-content/uploads/2014/08/L061-mdf-lake-kapi-imalati-konya-kapi-modelleri-01i.png,https://www.okpsdoor.com/product/l062-lacquered-mdf-door/,"Door, Lacquered MDF Doors","okps door",1USD,in stock,L062_3857,,,,0,new,published,,,,,4634,,
L060_3858,"L060 Lacquered MDF Door","Be Distributor.... MDF is a high-quality durable material that can be processed with CNC machines and on which unique patterns can be created by engraving. Thanks to modern technology, the possibilities for door design are almost unlimited. Lacquered MDF doors, which are coated with a special varnish, have a bright appearance and a long service life under normal use and maintenance.",https://www.okpsdoor.com/wp-content/uploads/2014/08/L060-mdf-lake-camli-ic-kapi-modelleri.png,https://www.okpsdoor.com/product/l060-lacquered-mdf-door/,"Door, Lacquered MDF Doors","okps door",1USD,in stock,L060_3858,,,,0,new,published,,,,,4634,,
L059_3859,"L059 Lacquered MDF Door","Be Distributor.... MDF is a high-quality durable material that can be processed with CNC machines and on which unique patterns can be created by engraving. Thanks to modern technology, the possibilities for door design are almost unlimited. Lacquered MDF doors, which are coated with a special varnish, have a bright appearance and a long service life under normal use and maintenance.",https://www.okpsdoor.com/wp-content/uploads/2014/08/L059-mdf-lake-kapi-imalati-konya-kapi-modelleri-01.png,https://www.okpsdoor.com/product/l059-lacquered-mdf-door/,"Door, Lacquered MDF Doors","okps door",1USD,in stock,L059_3859,,,,0,new,published,,,,,4634,,
L058_3860,"L058 Lacquered MDF Door","Be Distributor.... MDF is a high-quality durable material that can be processed with CNC machines and on which unique patterns can be created by engraving. Thanks to modern technology, the possibilities for door design are almost unlimited. Lacquered MDF doors, which are coated with a special varnish, have a bright appearance and a long service life under normal use and maintenance.",https://www.okpsdoor.com/wp-content/uploads/2014/08/L058-mdf-lake-kapi-imalati-konya-kapi-modelleri-01i.png,https://www.okpsdoor.com/product/l058-lacquered-mdf-door/,"Door, Lacquered MDF Doors","okps door",1USD,in stock,L058_3860,,,,0,new,published,,,,,4634,,
L057_3861,"L057 Lacquered MDF Door","Be Distributor.... MDF is a high-quality durable material that can be processed with CNC machines and on which unique patterns can be created by engraving. Thanks to modern technology, the possibilities for door design are almost unlimited. Lacquered MDF doors, which are coated with a special varnish, have a bright appearance and a long service life under normal use and maintenance.",https://www.okpsdoor.com/wp-content/uploads/2014/08/L057-mdf-lake-kapi-imalati-konya-kapi-modelleri-01.png,https://www.okpsdoor.com/product/l057-lacquered-mdf-door/,"Door, Lacquered MDF Doors","okps door",1USD,in stock,L057_3861,,,,0,new,published,,,,,4634,,
L056_3862,"L056 Lacquered MDF Door","Be Distributor.... MDF is a high-quality durable material that can be processed with CNC machines and on which unique patterns can be created by engraving. Thanks to modern technology, the possibilities for door design are almost unlimited. Lacquered MDF doors, which are coated with a special varnish, have a bright appearance and a long service life under normal use and maintenance.",https://www.okpsdoor.com/wp-content/uploads/2014/08/L056-mdf-lake-kapi-imalati-konya-kapi-modelleri-01ri.png,https://www.okpsdoor.com/product/l056-lacquered-mdf-door/,"Door, Lacquered MDF Doors","okps door",1USD,in stock,L056_3862,,,,0,new,published,,,,,4634,,
L055_3863,"L055 Lacquered MDF Door","Be Distributor.... MDF is a high-quality durable material that can be processed with CNC machines and on which unique patterns can be created by engraving. Thanks to modern technology, the possibilities for door design are almost unlimited. Lacquered MDF doors, which are coated with a special varnish, have a bright appearance and a long service life under normal use and maintenance.",https://www.okpsdoor.com/wp-content/uploads/2014/08/L055-mdf-lake-kapi-imalati-konya-kapi-modelleri-010.png,https://www.okpsdoor.com/product/l055-lacquered-mdf-door/,"Door, Lacquered MDF Doors","okps door",1USD,in stock,L055_3863,,,,0,new,published,,,,,4634,,
L054_3864,"L054 Lacquered MDF Door","Be Distributor.... MDF is a high-quality durable material that can be processed with CNC machines and on which unique patterns can be created by engraving. Thanks to modern technology, the possibilities for door design are almost unlimited. Lacquered MDF doors, which are coated with a special varnish, have a bright appearance and a long service life under normal use and maintenance.",https://www.okpsdoor.com/wp-content/uploads/2014/08/L054-mdf-lake-kapi-imalati-konya-kapi-modelleri-01i.png,https://www.okpsdoor.com/product/l054-lacquered-mdf-door/,"Door, Lacquered MDF Doors","okps door",1USD,in stock,L054_3864,,,,0,new,published,,,,,4634,,
L079_3865,"L079 Lacquered MDF Door","Be Distributor.... MDF is a high-quality durable material that can be processed with CNC machines and on which unique patterns can be created by engraving. Thanks to modern technology, the possibilities for door design are almost unlimited. Lacquered MDF doors, which are coated with a special varnish, have a bright appearance and a long service life under normal use and maintenance.",https://www.okpsdoor.com/wp-content/uploads/2014/08/L079-mdf-lake-kapi-imalati-konya-kapi-modelleri-01i.png,https://www.okpsdoor.com/product/l079-lacquered-mdf-door/,"Door, Lacquered MDF Doors","okps door",1USD,in stock,L079_3865,,,,0,new,published,,,,,4634,,
L053_3866,"L053 Lacquered MDF Door","Be Distributor.... MDF is a high-quality durable material that can be processed with CNC machines and on which unique patterns can be created by engraving. Thanks to modern technology, the possibilities for door design are almost unlimited. Lacquered MDF doors, which are coated with a special varnish, have a bright appearance and a long service life under normal use and maintenance.",https://www.okpsdoor.com/wp-content/uploads/2014/08/L053-mdf-lake-kapi-imalati-konya-kapi-modelleri-01a.png,https://www.okpsdoor.com/product/l053-lacquered-mdf-door/,"Door, Lacquered MDF Doors","okps door",1USD,in stock,L053_3866,,,,0,new,published,,,,,4634,,
L052_3867,"L052 Lacquered MDF Door","Be Distributor.... MDF is a high-quality durable material that can be processed with CNC machines and on which unique patterns can be created by engraving. Thanks to modern technology, the possibilities for door design are almost unlimited. Lacquered MDF doors, which are coated with a special varnish, have a bright appearance and a long service life under normal use and maintenance.",https://www.okpsdoor.com/wp-content/uploads/2014/08/L052-mmdf-lake-kapi-imalati-konya-kapi-modelleri-01.png,https://www.okpsdoor.com/product/l052-lacquered-mdf-door/,"Door, Lacquered MDF Doors","okps door",1USD,in stock,L052_3867,,,,0,new,published,,,,,4634,,
L051_3868,"L051 Lacquered MDF Door","Be Distributor.... MDF is a high-quality durable material that can be processed with CNC machines and on which unique patterns can be created by engraving. Thanks to modern technology, the possibilities for door design are almost unlimited. Lacquered MDF doors, which are coated with a special varnish, have a bright appearance and a long service life under normal use and maintenance.",https://www.okpsdoor.com/wp-content/uploads/2014/08/L051-mdf-lake-kapi-imalati-konya-kapi-modelleri-01a.png,https://www.okpsdoor.com/product/l051-lacquered-mdf-door/,"Door, Lacquered MDF Doors","okps door",1USD,in stock,L051_3868,,,,0,new,published,,,,,4634,,
ML001_3871,"ML001 Lacquered MDF Door","Be Distributor.... MDF is a high-quality durable material that can be processed with CNC machines and on which unique patterns can be created by engraving. Thanks to modern technology, the possibilities for door design are almost unlimited. Lacquered MDF doors, which are coated with a special varnish, have a bright appearance and a long service life under normal use and maintenance.",https://www.okpsdoor.com/wp-content/uploads/2014/08/ML001-mdf-lam-konya-ic-mekan-kapi-okpsdoor-kapi-kapi-modelleri.png,https://www.okpsdoor.com/product/ml001-lacquered-mdf-door/,"Door, Lacquered MDF Doors","okps door",1USD,in stock,ML001_3871,,,,0,new,published,,,,,4634,,
ML014_3886,"ML014 Melamine Door","Be Distributor.... MDF is a high-quality durable material that can be processed with CNC machines and on which unique patterns can be created by engraving. Thanks to modern technology, the possibilities for door design are almost unlimited. Lacquered MDF doors, which are coated with a special varnish, have a bright appearance and a long service life under normal use and maintenance.",https://www.okpsdoor.com/wp-content/uploads/2014/08/ML014mdf-lam-konya-ic-mekan-kapi-okpsdoor-kapi-kapi-modelleriolcu-kapilar.png,https://www.okpsdoor.com/product/ml014-melamine-door/,"Door, Lacquered MDF Doors","okps door",1USD,in stock,ML014_3886,,,,0,new,published,,,,,4634,,
ML013_3887,"ML013 Melamine Door","Be Distributor.... MDF is a high-quality durable material that can be processed with CNC machines and on which unique patterns can be created by engraving. Thanks to modern technology, the possibilities for door design are almost unlimited. Lacquered MDF doors, which are coated with a special varnish, have a bright appearance and a long service life under normal use and maintenance.",https://www.okpsdoor.com/wp-content/uploads/2014/08/ML013-mdf-lam-konya-ic-mekan-kapi-okpsdoor-kapi-kapi-modelleriilar.png,https://www.okpsdoor.com/product/ml013-melamine-door/,"Door, Lacquered MDF Doors","okps door",1USD,in stock,ML013_3887,,,,0,new,published,,,,,4634,,
ML012_3888,"ML012 Melamine Door","Be Distributor.... MDF is a high-quality durable material that can be processed with CNC machines and on which unique patterns can be created by engraving. Thanks to modern technology, the possibilities for door design are almost unlimited. Lacquered MDF doors, which are coated with a special varnish, have a bright appearance and a long service life under normal use and maintenance.",https://www.okpsdoor.com/wp-content/uploads/2014/08/ML012-mdf-lam-konya-ic-mekan-kapi-okpsdoor-kapi-kapi-modelleriu.png,https://www.okpsdoor.com/product/ml012-melamine-door/,"Door, Lacquered MDF Doors","okps door",1USD,in stock,ML012_3888,,,,0,new,published,,,,,4634,,
ML011_3889,"ML011 Melamine Door","Be Distributor.... MDF is a high-quality durable material that can be processed with CNC machines and on which unique patterns can be created by engraving. Thanks to modern technology, the possibilities for door design are almost unlimited. Lacquered MDF doors, which are coated with a special varnish, have a bright appearance and a long service life under normal use and maintenance.",https://www.okpsdoor.com/wp-content/uploads/2014/08/ML011-mdf-lam-konya-ic-mekan-kapi-okpsdoor-kapi-kapi-modelleri.png,https://www.okpsdoor.com/product/ml011-melamine-door/,"Door, Lacquered MDF Doors","okps door",1USD,in stock,ML011_3889,,,,0,new,published,,,,,4634,,
ML010_3890,"ML010 Melamine Door","Be Distributor.... MDF is a high-quality durable material that can be processed with CNC machines and on which unique patterns can be created by engraving. Thanks to modern technology, the possibilities for door design are almost unlimited. Lacquered MDF doors, which are coated with a special varnish, have a bright appearance and a long service life under normal use and maintenance.",https://www.okpsdoor.com/wp-content/uploads/2014/08/ML010-mdf-lam-konya-ic-mekan-kapi-okpsdoor-kapi-kapi-modelleriri.png,https://www.okpsdoor.com/product/ml010-melamine-door/,"Door, Lacquered MDF Doors","okps door",1USD,in stock,ML010_3890,,,,0,new,published,,,,,4634,,
ML009_3891,"ML009 Melamine Door","Be Distributor.... MDF is a high-quality durable material that can be processed with CNC machines and on which unique patterns can be created by engraving. Thanks to modern technology, the possibilities for door design are almost unlimited. Lacquered MDF doors, which are coated with a special varnish, have a bright appearance and a long service life under normal use and maintenance.",https://www.okpsdoor.com/wp-content/uploads/2014/08/ML009-mdf-lam-konya-ic-mekan-kapi-okpsdoor-kapi-kapi-modelleria.png,https://www.okpsdoor.com/product/ml009-melamine-door/,"Door, Lacquered MDF Doors","okps door",1USD,in stock,ML009_3891,,,,0,new,published,,,,,4634,,
ML008_3892,"ML008 Melamine Door","Be Distributor.... MDF is a high-quality durable material that can be processed with CNC machines and on which unique patterns can be created by engraving. Thanks to modern technology, the possibilities for door design are almost unlimited. Lacquered MDF doors, which are coated with a special varnish, have a bright appearance and a long service life under normal use and maintenance.",https://www.okpsdoor.com/wp-content/uploads/2014/08/ML008-mdf-lam-konya-ic-mekan-kapi-okpsdoor-kapi-kapi-modelleriri.png,https://www.okpsdoor.com/product/ml008-melamine-door/,"Door, Lacquered MDF Doors","okps door",1USD,in stock,ML008_3892,,,,0,new,published,,,,,4634,,
ML007_3893,"ML007 Melamine Door","Be Distributor.... MDF is a high-quality durable material that can be processed with CNC machines and on which unique patterns can be created by engraving. Thanks to modern technology, the possibilities for door design are almost unlimited. Lacquered MDF doors, which are coated with a special varnish, have a bright appearance and a long service life under normal use and maintenance.",https://www.okpsdoor.com/wp-content/uploads/2014/08/ML007-mdf-lam-konya-ic-mekan-kapi-okpsdoor-kapi-kapi-modelleriti.png,https://www.okpsdoor.com/product/ml007-melamine-door/,"Door, Lacquered MDF Doors","okps door",1USD,in stock,ML007_3893,,,,0,new,published,,,,,4634,,
ML006_3894,"ML006 Melamine Door","Be Distributor.... MDF is a high-quality durable material that can be processed with CNC machines and on which unique patterns can be created by engraving. Thanks to modern technology, the possibilities for door design are almost unlimited. Lacquered MDF doors, which are coated with a special varnish, have a bright appearance and a long service life under normal use and maintenance.",https://www.okpsdoor.com/wp-content/uploads/2014/08/ML006-mdf-lam-konya-ic-mekan-kapi-okpsdoor-kapi-kapi-modellerii.png,https://www.okpsdoor.com/product/ml006-melamine-door/,"Door, Lacquered MDF Doors","okps door",1USD,in stock,ML006_3894,,,,0,new,published,,,,,4634,,
ML005_3895,"ML005 Melamine Door","Be Distributor.... MDF is a high-quality durable material that can be processed with CNC machines and on which unique patterns can be created by engraving. Thanks to modern technology, the possibilities for door design are almost unlimited. Lacquered MDF doors, which are coated with a special varnish, have a bright appearance and a long service life under normal use and maintenance.",https://www.okpsdoor.com/wp-content/uploads/2014/08/ML005-mdf-lam-konya-ic-mekan-kapi-okpsdoor-kapi-kapi-modelleriisi.png,https://www.okpsdoor.com/product/ml005-melamine-door/,"Door, Lacquered MDF Doors","okps door",1USD,in stock,ML005_3895,,,,0,new,published,,,,,4634,,
ML004_3896,"ML004 Melamine Door","Be Distributor.... MDF is a high-quality durable material that can be processed with CNC machines and on which unique patterns can be created by engraving. Thanks to modern technology, the possibilities for door design are almost unlimited. Lacquered MDF doors, which are coated with a special varnish, have a bright appearance and a long service life under normal use and maintenance.",https://www.okpsdoor.com/wp-content/uploads/2014/08/ML004-mdf-lam-konya-ic-mekan-kapi-okpsdoor-kapi-kapi-modelleriri.png,https://www.okpsdoor.com/product/ml004-melamine-door/,"Door, Lacquered MDF Doors","okps door",1USD,in stock,ML004_3896,,,,0,new,published,,,,,4634,,
ML003_3897,"ML003 Melamine Door","Be Distributor.... MDF is a high-quality durable material that can be processed with CNC machines and on which unique patterns can be created by engraving. Thanks to modern technology, the possibilities for door design are almost unlimited. Lacquered MDF doors, which are coated with a special varnish, have a bright appearance and a long service life under normal use and maintenance.",https://www.okpsdoor.com/wp-content/uploads/2014/08/ML003-mdf-lam-konya-ic-mekan-kapi-okpsdoor-kapi-kapi-modellerilari-1.png,https://www.okpsdoor.com/product/ml003-melamine-door/,"Door, Lacquered MDF Doors","okps door",1USD,in stock,ML003_3897,,,,0,new,published,,,,,4634,,
P001_3898,"P001 Panel Door","Be Distributor.... MDF is a high-quality durable material that can be processed with CNC machines and on which unique patterns can be created by engraving. Thanks to modern technology, the possibilities for door design are almost unlimited. Lacquered MDF doors, which are coated with a special varnish, have a bright appearance and a long service life under normal use and maintenance.",https://www.okpsdoor.com/wp-content/uploads/2014/08/P001-panel-kapi-Konya-OKPs-okps-imalati-modelleri-cesitleri-1.png,https://www.okpsdoor.com/product/p001-panel-door/,"Door, Lacquered MDF Doors","okps door",1USD,in stock,P001_3898,,,,0,new,published,,,,,4634,,
P021_3899,"P021 Panel Door","Be Distributor.... MDF is a high-quality durable material that can be processed with CNC machines and on which unique patterns can be created by engraving. Thanks to modern technology, the possibilities for door design are almost unlimited. Lacquered MDF doors, which are coated with a special varnish, have a bright appearance and a long service life under normal use and maintenance.",https://www.okpsdoor.com/wp-content/uploads/2014/08/P021-panel-kapi-Konya-OKPs-okps-imalati-modelleri-cesitler-kapisi.png,https://www.okpsdoor.com/product/p021-panel-door/,"Door, Lacquered MDF Doors","okps door",1USD,in stock,P021_3899,,,,0,new,published,,,,,4634,,
P020_3934,"P020 Panel Door","Be Distributor.... MDF is a high-quality durable material that can be processed with CNC machines and on which unique patterns can be created by engraving. Thanks to modern technology, the possibilities for door design are almost unlimited. Lacquered MDF doors, which are coated with a special varnish, have a bright appearance and a long service life under normal use and maintenance.",https://www.okpsdoor.com/wp-content/uploads/2014/08/P020-panel-kapi-Konya-OKPs-okps-imalati-modelleri-cesitlereli.png,https://www.okpsdoor.com/product/p020-panel-door/,"Door, Lacquered MDF Doors","okps door",1USD,in stock,P020_3934,,,,0,new,published,,,,,4634,,
P019_3935,"P019 Panel Door","Be Distributor.... MDF is a high-quality durable material that can be processed with CNC machines and on which unique patterns can be created by engraving. Thanks to modern technology, the possibilities for door design are almost unlimited. Lacquered MDF doors, which are coated with a special varnish, have a bright appearance and a long service life under normal use and maintenance.",https://www.okpsdoor.com/wp-content/uploads/2014/08/P019-panel-kapi-Konya-OKPs-okps-imalati-modelleri-cesitlerapi.png,https://www.okpsdoor.com/product/p019-panel-door/,"Door, Lacquered MDF Doors","okps door",1USD,in stock,P019_3935,,,,0,new,published,,,,,4634,,
P018_3936,"P018 Panel Door","Be Distributor.... MDF is a high-quality durable material that can be processed with CNC machines and on which unique patterns can be created by engraving. Thanks to modern technology, the possibilities for door design are almost unlimited. Lacquered MDF doors, which are coated with a special varnish, have a bright appearance and a long service life under normal use and maintenance.",https://www.okpsdoor.com/wp-content/uploads/2014/08/P018-panel-kapi-Konya-OKPs-okps-imalati-modelleri-cesitlerr-kapi.png,https://www.okpsdoor.com/product/p018-panel-door/,"Door, Lacquered MDF Doors","okps door",1USD,in stock,P018_3936,,,,0,new,published,,,,,4634,,
P001-4_3937,"P017 Panel Door","Be Distributor.... MDF is a high-quality durable material that can be processed with CNC machines and on which unique patterns can be created by engraving. Thanks to modern technology, the possibilities for door design are almost unlimited. Lacquered MDF doors, which are coated with a special varnish, have a bright appearance and a long service life under normal use and maintenance.",https://www.okpsdoor.com/wp-content/uploads/2014/08/P001-panel-kapi-Konya-OKPs-okps-imalati-modelleri-cesitleri-1.png,https://www.okpsdoor.com/product/p017-panel-door/,"Door, Lacquered MDF Doors","okps door",1USD,in stock,P001-4_3937,,,,0,new,published,,,,,4634,,
P016_3938,"P016 Panel Door","Be Distributor.... MDF is a high-quality durable material that can be processed with CNC machines and on which unique patterns can be created by engraving. Thanks to modern technology, the possibilities for door design are almost unlimited. Lacquered MDF doors, which are coated with a special varnish, have a bright appearance and a long service life under normal use and maintenance.",https://www.okpsdoor.com/wp-content/uploads/2014/08/P016-panel-kapi-Konya-OKPs-okps-imalati-modelleri-cesitlerri.png,https://www.okpsdoor.com/product/p016-panel-door/,"Door, Lacquered MDF Doors","okps door",1USD,in stock,P016_3938,,,,0,new,published,,,,,4634,,
P015_3939,"P015 Panel Door","Be Distributor.... MDF is a high-quality durable material that can be processed with CNC machines and on which unique patterns can be created by engraving. Thanks to modern technology, the possibilities for door design are almost unlimited. Lacquered MDF doors, which are coated with a special varnish, have a bright appearance and a long service life under normal use and maintenance.",https://www.okpsdoor.com/wp-content/uploads/2014/08/P015-panel-kapi-Konya-OKPs-okps-imalati-modelleri-cesitlerir.png,https://www.okpsdoor.com/product/p015-panel-door/,"Door, Lacquered MDF Doors","okps door",1USD,in stock,P015_3939,,,,0,new,published,,,,,4634,,
P014_3940,"P014 Panel Door","Be Distributor.... MDF is a high-quality durable material that can be processed with CNC machines and on which unique patterns can be created by engraving. Thanks to modern technology, the possibilities for door design are almost unlimited. Lacquered MDF doors, which are coated with a special varnish, have a bright appearance and a long service life under normal use and maintenance.",https://www.okpsdoor.com/wp-content/uploads/2014/08/P014-panel-kapi-Konya-OKPs-okps-imalati-modelleri-cesitlerar.png,https://www.okpsdoor.com/product/p014-panel-door/,"Door, Lacquered MDF Doors","okps door",1USD,in stock,P014_3940,,,,0,new,published,,,,,4634,,
P013_3941,"P013 Panel Door","Be Distributor.... MDF is a high-quality durable material that can be processed with CNC machines and on which unique patterns can be created by engraving. Thanks to modern technology, the possibilities for door design are almost unlimited. Lacquered MDF doors, which are coated with a special varnish, have a bright appearance and a long service life under normal use and maintenance.",https://www.okpsdoor.com/wp-content/uploads/2014/08/P013-panel-kapi-Konya-OKPs-okps-imalati-modelleri-cesitlerar.png,https://www.okpsdoor.com/product/p013-panel-door/,"Door, Lacquered MDF Doors","okps door",1USD,in stock,P013_3941,,,,0,new,published,,,,,4634,,
P012_3942,"P012 Panel Door","Be Distributor.... MDF is a high-quality durable material that can be processed with CNC machines and on which unique patterns can be created by engraving. Thanks to modern technology, the possibilities for door design are almost unlimited. Lacquered MDF doors, which are coated with a special varnish, have a bright appearance and a long service life under normal use and maintenance.",https://www.okpsdoor.com/wp-content/uploads/2014/08/P012-panel-kapi.png,https://www.okpsdoor.com/product/p012-panel-door/,"Door, Lacquered MDF Doors","okps door",1USD,in stock,P012_3942,,,,0,new,published,,,,,4634,,
P011_3943,"P011 Panel Door","Be Distributor.... MDF is a high-quality durable material that can be processed with CNC machines and on which unique patterns can be created by engraving. Thanks to modern technology, the possibilities for door design are almost unlimited. Lacquered MDF doors, which are coated with a special varnish, have a bright appearance and a long service life under normal use and maintenance.",https://www.okpsdoor.com/wp-content/uploads/2014/08/P011-panel-kapi-Konya-OKPs-okps-imalati-modelleri-cesitlerlar.png,https://www.okpsdoor.com/product/p011-panel-door/,"Door, Lacquered MDF Doors","okps door",1USD,in stock,P011_3943,,,,0,new,published,,,,,4634,,
P010_3944,"P010 Panel Door","Be Distributor.... MDF is a high-quality durable material that can be processed with CNC machines and on which unique patterns can be created by engraving. Thanks to modern technology, the possibilities for door design are almost unlimited. Lacquered MDF doors, which are coated with a special varnish, have a bright appearance and a long service life under normal use and maintenance.",https://www.okpsdoor.com/wp-content/uploads/2014/08/P010panel-kapi-Konya-OKPs-okps-imalati-modelleri-cesitlerkapisi.png,https://www.okpsdoor.com/product/p010-panel-door/,"Door, Lacquered MDF Doors","okps door",1USD,in stock,P010_3944,,,,0,new,published,,,,,4634,,
P009_3945,"P009 Panel Door","Be Distributor.... MDF is a high-quality durable material that can be processed with CNC machines and on which unique patterns can be created by engraving. Thanks to modern technology, the possibilities for door design are almost unlimited. Lacquered MDF doors, which are coated with a special varnish, have a bright appearance and a long service life under normal use and maintenance.",https://www.okpsdoor.com/wp-content/uploads/2014/08/P009-panel-kapi-Konya-OKPs-okps-imalati-modelleri-cesitlerr.png,https://www.okpsdoor.com/product/p009-panel-door/,"Door, Lacquered MDF Doors","okps door",1USD,in stock,P009_3945,,,,0,new,published,,,,,4634,,
P008_3946,"P008 Panel Door","Be Distributor.... MDF is a high-quality durable material that can be processed with CNC machines and on which unique patterns can be created by engraving. Thanks to modern technology, the possibilities for door design are almost unlimited. Lacquered MDF doors, which are coated with a special varnish, have a bright appearance and a long service life under normal use and maintenance.",https://www.okpsdoor.com/wp-content/uploads/2014/08/P008-panel-kapi-Konya-OKPs-okps-imalati-modelleri-cesitlermi.png,https://www.okpsdoor.com/product/p008-panel-door/,"Door, Lacquered MDF Doors","okps door",1USD,in stock,P008_3946,,,,0,new,published,,,,,4634,,
P007_3947,"P007 Panel Door","Be Distributor.... MDF is a high-quality durable material that can be processed with CNC machines and on which unique patterns can be created by engraving. Thanks to modern technology, the possibilities for door design are almost unlimited. Lacquered MDF doors, which are coated with a special varnish, have a bright appearance and a long service life under normal use and maintenance.",https://www.okpsdoor.com/wp-content/uploads/2014/08/P007panel-kapi-Konya-OKPs-okps-imalati-modelleri-cesitler300x600.png,https://www.okpsdoor.com/product/p007-panel-door/,"Door, Lacquered MDF Doors","okps door",1USD,in stock,P007_3947,,,,0,new,published,,,,,4634,,
P006_3948,"P006 Panel Door","Be Distributor.... MDF is a high-quality durable material that can be processed with CNC machines and on which unique patterns can be created by engraving. Thanks to modern technology, the possibilities for door design are almost unlimited. Lacquered MDF doors, which are coated with a special varnish, have a bright appearance and a long service life under normal use and maintenance.",https://www.okpsdoor.com/wp-content/uploads/2014/08/P006-panel-kapi-Konya-OKPs-okps-imalati-modelleri-cesitlerr.png,https://www.okpsdoor.com/product/p006-panel-door/,"Door, Lacquered MDF Doors","okps door",1USD,in stock,P006_3948,,,,0,new,published,,,,,4634,,
P005_3949,"P005 Panel Door","Be Distributor.... MDF is a high-quality durable material that can be processed with CNC machines and on which unique patterns can be created by engraving. Thanks to modern technology, the possibilities for door design are almost unlimited. Lacquered MDF doors, which are coated with a special varnish, have a bright appearance and a long service life under normal use and maintenance.",https://www.okpsdoor.com/wp-content/uploads/2014/08/P005-panel-kapi-Konya-OKPs-okps-imalati-modelleri-cesitlerti.png,https://www.okpsdoor.com/product/p005-panel-door/,"Door, Lacquered MDF Doors","okps door",1USD,in stock,P005_3949,,,,0,new,published,,,,,4634,,
P004_3950,"P004 Panel Door","Be Distributor.... MDF is a high-quality durable material that can be processed with CNC machines and on which unique patterns can be created by engraving. Thanks to modern technology, the possibilities for door design are almost unlimited. Lacquered MDF doors, which are coated with a special varnish, have a bright appearance and a long service life under normal use and maintenance.",https://www.okpsdoor.com/wp-content/uploads/2014/08/P004-panel-kapi-Konya-OKPs-okps-imalati-modelleri-cesitlerr.png,https://www.okpsdoor.com/product/p004-panel-door/,"Door, Lacquered MDF Doors","okps door",1USD,in stock,P004_3950,,,,0,new,published,,,,,4634,,
P003_3951,"P003 Panel Door","Be Distributor.... MDF is a high-quality durable material that can be processed with CNC machines and on which unique patterns can be created by engraving. Thanks to modern technology, the possibilities for door design are almost unlimited. Lacquered MDF doors, which are coated with a special varnish, have a bright appearance and a long service life under normal use and maintenance.",https://www.okpsdoor.com/wp-content/uploads/2014/08/P003-panel-kapi-Konya-OKPs-okps-imalati-modelleri-cesitlerri.png,https://www.okpsdoor.com/product/p003-panel-door/,"Door, Lacquered MDF Doors","okps door",1USD,in stock,P003_3951,,,,0,new,published,,,,,4634,,
P002_3952,"P002 Panel Door","Be Distributor.... MDF is a high-quality durable material that can be processed with CNC machines and on which unique patterns can be created by engraving. Thanks to modern technology, the possibilities for door design are almost unlimited. Lacquered MDF doors, which are coated with a special varnish, have a bright appearance and a long service life under normal use and maintenance.",https://www.okpsdoor.com/wp-content/uploads/2014/08/P002-panel-kapi-Konya-OKPs-okps-imalati-modelleri-cesitlerri.png,https://www.okpsdoor.com/product/p002-panel-door/,"Door, Lacquered MDF Doors","okps door",1USD,in stock,P002_3952,,,,0,new,published,,,,,4634,,
K001_3953,"K001 Wood Veneer Door","Be Distributor.... MDF is a high-quality durable material that can be processed with CNC machines and on which unique patterns can be created by engraving. Thanks to modern technology, the possibilities for door design are almost unlimited. Lacquered MDF doors, which are coated with a special varnish, have a bright appearance and a long service life under normal use and maintenance.",https://www.okpsdoor.com/wp-content/uploads/2023/05/K001-ahsap-okps-kapilar-konya-kapi-ureticileri.png,https://www.okpsdoor.com/product/k001-wood-veneer-door/,"Door, Wood Veneer Doors","okps door",1USD,in stock,K001_3953,,,,0,new,published,,,,,4634,,
K008_3963,"K008 Wood Veneer Door","Be Distributor.... MDF is a high-quality durable material that can be processed with CNC machines and on which unique patterns can be created by engraving. Thanks to modern technology, the possibilities for door design are almost unlimited. Lacquered MDF doors, which are coated with a special varnish, have a bright appearance and a long service life under normal use and maintenance.",https://www.okpsdoor.com/wp-content/uploads/2014/08/K008-ahsap-okps-kapilar-konya-kapi-ureticile.png,https://www.okpsdoor.com/product/k008-wood-veneer-door/,"Door, Wood Veneer Doors","okps door",1USD,in stock,K008_3963,,,,0,new,published,,,,,4634,,
K007_3964,"K007 Wood Veneer Door","Be Distributor.... MDF is a high-quality durable material that can be processed with CNC machines and on which unique patterns can be created by engraving. Thanks to modern technology, the possibilities for door design are almost unlimited. Lacquered MDF doors, which are coated with a special varnish, have a bright appearance and a long service life under normal use and maintenance.",https://www.okpsdoor.com/wp-content/uploads/2014/08/K007ahsap-okps-kapilar-konya-kapi-ureticile.png,https://www.okpsdoor.com/product/k007-wood-veneer-door/,"Door, Wood Veneer Doors","okps door",1USD,in stock,K007_3964,,,,0,new,published,,,,,4634,,
K006 Wood Veneer Door_3965,"K006 Wood Veneer Door","Be Distributor.... MDF is a high-quality durable material that can be processed with CNC machines and on which unique patterns can be created by engraving. Thanks to modern technology, the possibilities for door design are almost unlimited. Lacquered MDF doors, which are coated with a special varnish, have a bright appearance and a long service life under normal use and maintenance.",https://www.okpsdoor.com/wp-content/uploads/2014/08/K006-ahsap-okps-kapilar-konya-kapi-ureticileri.png,https://www.okpsdoor.com/product/k006-wood-veneer-door/,"Door, Wood Veneer Doors","okps door",1USD,in stock,K006 Wood Veneer Door_3965,,,,0,new,published,,,,,4634,,
K005_3966,"K005 Wood Veneer Door","Be Distributor.... MDF is a high-quality durable material that can be processed with CNC machines and on which unique patterns can be created by engraving. Thanks to modern technology, the possibilities for door design are almost unlimited. Lacquered MDF doors, which are coated with a special varnish, have a bright appearance and a long service life under normal use and maintenance.",https://www.okpsdoor.com/wp-content/uploads/2014/08/K005-ahsap-okps-kapilar-konya-kapi-ureticilea.png,https://www.okpsdoor.com/product/k005-wood-veneer-door/,"Door, Wood Veneer Doors","okps door",1USD,in stock,K005_3966,,,,0,new,published,,,,,4634,,
K004 Wood Veneer Door_3967,"K004 Wood Veneer Door","Be Distributor.... MDF is a high-quality durable material that can be processed with CNC machines and on which unique patterns can be created by engraving. Thanks to modern technology, the possibilities for door design are almost unlimited. Lacquered MDF doors, which are coated with a special varnish, have a bright appearance and a long service life under normal use and maintenance.",https://www.okpsdoor.com/wp-content/uploads/2014/08/K004-ahsap-okps-kapilar-konya-kapi-ureticileeri.png,https://www.okpsdoor.com/product/k004-wood-veneer-door/,"Door, Wood Veneer Doors","okps door",1USD,in stock,K004 Wood Veneer Door_3967,,,,0,new,published,,,,,4634,,
K003 Wood Veneer Door_3968,"K003 Wood Veneer Door","Be Distributor.... MDF is a high-quality durable material that can be processed with CNC machines and on which unique patterns can be created by engraving. Thanks to modern technology, the possibilities for door design are almost unlimited. Lacquered MDF doors, which are coated with a special varnish, have a bright appearance and a long service life under normal use and maintenance.",https://www.okpsdoor.com/wp-content/uploads/2014/08/K003-ahsap-okps-kapilar-konya-kapi-ureticile.png,https://www.okpsdoor.com/product/k003-wood-veneer-door/,"Door, Wood Veneer Doors","okps door",1USD,in stock,K003 Wood Veneer Door_3968,,,,0,new,published,,,,,4634,,
K002_3969,"K002 Wood Veneer Door","Be Distributor.... MDF is a high-quality durable material that can be processed with CNC machines and on which unique patterns can be created by engraving. Thanks to modern technology, the possibilities for door design are almost unlimited. Lacquered MDF doors, which are coated with a special varnish, have a bright appearance and a long service life under normal use and maintenance.",https://www.okpsdoor.com/wp-content/uploads/2014/08/K002ahsap-okps-kapilar-konya-kapi-ureticilekapisi.png,https://www.okpsdoor.com/product/k002-wood-veneer-door/,"Door, Wood Veneer Doors","okps door",1USD,in stock,K002_3969,,,,0,new,published,,,,,4634,,
PVC001_3970,"PVC001 PVC Door","Be Distributor.... MDF is a high-quality durable material that can be processed with CNC machines and on which unique patterns can be created by engraving. Thanks to modern technology, the possibilities for door design are almost unlimited. Lacquered MDF doors, which are coated with a special varnish, have a bright appearance and a long service life under normal use and maintenance.",https://www.okpsdoor.com/wp-content/uploads/2014/08/PVC001-pvc-kaplamali-kapi-pvc-kapilar-modelleri-cesitleri.png,https://www.okpsdoor.com/product/pvc001-pvc-door/,"Door, PVC Doors","okps door",1USD,in stock,PVC001_3970,,,,0,new,published,,,,,4634,,
PVC010_3982,"PVC010 PVC Door","Be Distributor.... MDF is a high-quality durable material that can be processed with CNC machines and on which unique patterns can be created by engraving. Thanks to modern technology, the possibilities for door design are almost unlimited. Lacquered MDF doors, which are coated with a special varnish, have a bright appearance and a long service life under normal use and maintenance.",https://www.okpsdoor.com/wp-content/uploads/2014/08/PVC010-pvc-kaplamali-kapi-modelleri-konya-tosya-kastamonu-.png,https://www.okpsdoor.com/product/pvc010-pvc-door/,"Door, PVC Doors","okps door",1USD,in stock,PVC010_3982,,,,0,new,published,,,,,4634,,
PVC09_3983,"PVC09 PVC Door","Be Distributor.... MDF is a high-quality durable material that can be processed with CNC machines and on which unique patterns can be created by engraving. Thanks to modern technology, the possibilities for door design are almost unlimited. Lacquered MDF doors, which are coated with a special varnish, have a bright appearance and a long service life under normal use and maintenance.",https://www.okpsdoor.com/wp-content/uploads/2014/08/PVC009-pvc-kaplamali-kapi-modelleri-konya-tosya-kastamonu-a.png,https://www.okpsdoor.com/product/pvc09-pvc-door/,"Door, PVC Doors","okps door",1USD,in stock,PVC09_3983,,,,0,new,published,,,,,4634,,
PVC008_3984,"PVC008 PVC Door","Be Distributor.... MDF is a high-quality durable material that can be processed with CNC machines and on which unique patterns can be created by engraving. Thanks to modern technology, the possibilities for door design are almost unlimited. Lacquered MDF doors, which are coated with a special varnish, have a bright appearance and a long service life under normal use and maintenance.",https://www.okpsdoor.com/wp-content/uploads/2014/08/PVC008-pvc-kaplamali-kapi-modelleri-konya-tosya-kastamonu-a.png,https://www.okpsdoor.com/product/pvc008-pvc-door/,"Door, PVC Doors","okps door",1USD,in stock,PVC008_3984,,,,0,new,published,,,,,4634,,
PVC007_3985,"PVC007 PVC Door","Be Distributor.... MDF is a high-quality durable material that can be processed with CNC machines and on which unique patterns can be created by engraving. Thanks to modern technology, the possibilities for door design are almost unlimited. Lacquered MDF doors, which are coated with a special varnish, have a bright appearance and a long service life under normal use and maintenance.",https://www.okpsdoor.com/wp-content/uploads/2014/08/PVC007-pvc-kaplamali-kapi-modelleri-konya-tosya-kastamonu-r.png,https://www.okpsdoor.com/product/pvc007-pvc-door/,"Door, PVC Doors","okps door",1USD,in stock,PVC007_3985,,,,0,new,published,,,,,4634,,
PVC006_3986,"PVC006 PVC Door","Be Distributor.... MDF is a high-quality durable material that can be processed with CNC machines and on which unique patterns can be created by engraving. Thanks to modern technology, the possibilities for door design are almost unlimited. Lacquered MDF doors, which are coated with a special varnish, have a bright appearance and a long service life under normal use and maintenance.",https://www.okpsdoor.com/wp-content/uploads/2014/08/PVC006-pvc-kaplamali-kapi-modelleri-konya-tosya-kastamonu-.png,https://www.okpsdoor.com/product/pvc006-pvc-door/,"Door, PVC Doors","okps door",1USD,in stock,PVC006_3986,,,,0,new,published,,,,,4634,,
PVC005_3987,"PVC005 PVC Door","Be Distributor.... MDF is a high-quality durable material that can be processed with CNC machines and on which unique patterns can be created by engraving. Thanks to modern technology, the possibilities for door design are almost unlimited. Lacquered MDF doors, which are coated with a special varnish, have a bright appearance and a long service life under normal use and maintenance.",https://www.okpsdoor.com/wp-content/uploads/2014/08/PVC005-pvc-kaplamali-kapi-modelleri-konya-tosya-kastamonu-.png,https://www.okpsdoor.com/product/pvc005-pvc-door/,"Door, PVC Doors","okps door",1USD,in stock,PVC005_3987,,,,0,new,published,,,,,4634,,
PVC004_3988,"PVC004 PVC Door","Be Distributor.... MDF is a high-quality durable material that can be processed with CNC machines and on which unique patterns can be created by engraving. Thanks to modern technology, the possibilities for door design are almost unlimited. Lacquered MDF doors, which are coated with a special varnish, have a bright appearance and a long service life under normal use and maintenance.",https://www.okpsdoor.com/wp-content/uploads/2014/08/PVC004-pvc-kaplamali-kapi-modelleri-konya-tosya-kastamonu-.png,https://www.okpsdoor.com/product/pvc004-pvc-door/,"Door, PVC Doors","okps door",1USD,in stock,PVC004_3988,,,,0,new,published,,,,,4634,,
PVC002_3989,"PVC002 PVC Door","Be Distributor.... MDF is a high-quality durable material that can be processed with CNC machines and on which unique patterns can be created by engraving. Thanks to modern technology, the possibilities for door design are almost unlimited. Lacquered MDF doors, which are coated with a special varnish, have a bright appearance and a long service life under normal use and maintenance.",https://www.okpsdoor.com/wp-content/uploads/2014/08/PVC002-pvc-kaplamali-kapi-modelleri-konya-tosya-kastamonu.png,https://www.okpsdoor.com/product/pvc002-pvc-door/,"Door, PVC Doors","okps door",1USD,in stock,PVC002_3989,,,,0,new,published,,,,,4634,,
F005_4111,"F005 Wood Fire Rated Door","Fire doors are made of materials that function to slow the spread of flames and smoke and, in certain applications, slow or stop the transfer of radiant and conductive heat. Common materials include wood, steel, fiberglass, fire-resistant glass, or a combination of these materials.",https://www.okpsdoor.com/wp-content/uploads/images-1.jpg,https://www.okpsdoor.com/product/k007-wood-fire-rated-door/,"Popular, Door, Fire Rated","okps door",1USD,in stock,F005_4111,,,,0,new,published,,,,,4634,,
S001_4153,"S001 Steel door","Steel door black and oak mixed apartment steel doorÂ  Front surface black, back surface complete oak Kale lock monoblock system",https://www.okpsdoor.com/wp-content/uploads/images-3.jpg,https://www.okpsdoor.com/product/s001-steel-door/,"Door, Laminated MDF Doors, Steel Door","OKPS DOOR",0USD,in stock,S001_4153,,,,0,new,published,,,,,4634,,
S004_4158,"S004 Pivot door","Steel door black and oak mixed apartment steel doorÂ  Front surface black, back surface complete oak Kale lock monoblock system",https://www.okpsdoor.com/wp-content/uploads/images-1-1.jpg,https://www.okpsdoor.com/product/s004-pivot-door/,"Popular","Okps Door Industry",0USD,in stock,S004_4158,,,,0,new,published,,,,,4634,,
